,HOSPITAL NAME,LOCATION,NO. OF DOCTORS,NO. OF BEDS,LINKS
0,Suchak Hospital,"Malad, Mumbai",8.0,60.0,https://www.practo.com/mumbai/hospital/suchak-hospital-malad-1
1,Hinduja Hospital,"Mahim, Mumbai",148.0,50.0,https://www.practo.com/mumbai/hospital/hindujahospital-mahim
2,Dr. LH Hiranandani Hospital,"Powai, Mumbai",187.0,50.0,https://www.practo.com/mumbai/hospital/dr-l-h-hiranandani-hospital-powai1
3,Fortis Hospital,"Mulund West, Mumbai",117.0,261.0,https://www.practo.com/mumbai/hospital/fortis-hospitals-limited-mulund-west
4,Lilavati Hospital and Research Centre,"Bandra West, Mumbai",197.0,,https://www.practo.com/mumbai/hospital/lilavati-hospital-and-research-centre-bandra-west
5,Godrej Memorial Hospital,"Vikhroli, Mumbai",105.0,110.0,https://www.practo.com/mumbai/hospital/godrej-memorial-hospital-vikhroli
6,Parakh Hospital,"Ghatkopar East, Mumbai",83.0,80.0,https://www.practo.com/mumbai/hospital/parakh-hospital-ghatkopar-east
7,Joy Hospital,"Chembur, Mumbai",8.0,,https://www.practo.com/mumbai/hospital/joy-hospital-chembur
8,Breach Candy Hospital,"Breach Candy, Mumbai",136.0,65.0,https://www.practo.com/mumbai/hospital/breach-candy-hospital-2
9,Om Sai Baba Hospital,"Chembur East, Mumbai",7.0,15.0,https://www.practo.com/mumbai/hospital/om-sai-baba-hospital-chembur-east
10,Bhatia  Hospital,"Tardeo, Mumbai",205.0,209.0,https://www.practo.com/mumbai/hospital/bhatia-hospital-grant-road-1-666080
11,Kokilaben Dhirubhai Ambani Hospital,"Andheri West, Mumbai",42.0,,https://www.practo.com/mumbai/hospital/kokilaben-dhirubhai-ambani-hospital-andheri-west-2
12,S L Raheja Fortis Hospital,"Mahim, Mumbai",158.0,140.0,https://www.practo.com/mumbai/hospital/s-l-raheja-hospitals-mahim-1
13,Wockhardt Hospital,"Mira Road, Mumbai",48.0,,https://www.practo.com/mumbai/hospital/umrao-hospital-mira-road
14,Shushrusha Citizens' Co-operative Hospital,"Shivaji Park, Mumbai",132.0,,https://www.practo.com/mumbai/hospital/shushrusha-hospital-opd-7-pm-dadar-west
15,Jaslok Hospital,"Peddar Road, Mumbai",27.0,364.0,https://www.practo.com/mumbai/hospital/jaslok-hospital-peddar-road
16,Juvekars Nursing Home,"Chembur, Mumbai",2.0,,https://www.practo.com/mumbai/hospital/juvekars-nursing-home-chembur
17,Bhaktivedanta Hospital,"Mira Road, Mumbai",40.0,,https://www.practo.com/mumbai/hospital/bhaktivedanta-hospital-mira-road
18,BSES MG Hospital,"Andheri West, Mumbai",65.0,100.0,https://www.practo.com/mumbai/hospital/bses-mg-hospital-andheriwest-1-649193
19,Swastik Hospital,"Chembur East, Mumbai",22.0,,https://www.practo.com/mumbai/hospital/swastik-hospital-chembur-east
20,Saraogi Hospital,"Malad West, Mumbai",3.0,15.0,https://www.practo.com/mumbai/hospital/saraogi-hospital-iris-ivf-endoscopy-centre-malad-west
21,Lifewave Hospital,"Malad East, Mumbai",11.0,15.0,https://www.practo.com/mumbai/hospital/lifewave-hospital-malad
22,Surya Mother and Child Super Speciality Hospital,"Santacruz West, Mumbai",48.0,70.0,https://www.practo.com/mumbai/hospital/surya-mother-and-child-care-santacruz-west
23,Apex Hospital,"Borivali West, Mumbai",42.0,,https://www.practo.com/mumbai/hospital/apex-hospital-borivali-west
24,Dr Agashe's Maternity And Surgical Nursing Home,"Kurla West, Mumbai",2.0,20.0,https://www.practo.com/mumbai/hospital/dr-agashe-s-maternity-and-surgical-nursing-home-kurla
25,Masina Hospital ,"Byculla, Mumbai",121.0,232.0,https://www.practo.com/mumbai/hospital/masina-hospital-byculla-1
26,Sanjeevani Surgical & General Hospital,"Malad East, Mumbai",22.0,,https://www.practo.com/mumbai/hospital/sanjeevani-surgical-general-hospital-malad-east
27,Holy Spirit Hospital,"Andheri East, Mumbai",32.0,300.0,https://www.practo.com/mumbai/hospital/holy-spirit-hospital-andheri-east-1
28,Aastha Health Care,"Mulund West, Mumbai",19.0,50.0,https://www.practo.com/mumbai/hospital/aastha-health-care-mulund-west-1
29,The Childrens Hospital Mumbai,"Malad West, Mumbai",14.0,12.0,https://www.practo.com/mumbai/hospital/the-childrens-hospital-mumbai-malad
30,Axis Multispecialty Hospital,"Andheri West, Mumbai",19.0,20.0,https://www.practo.com/mumbai/hospital/axis-multispeciality-hospital-andheri-west-1
31,National Hospital,"Borivali East, Mumbai",5.0,,https://www.practo.com/mumbai/hospital/national-hospital-borivali-east
32,Asian Heart Hospital,"Bandra East, Mumbai",23.0,,https://www.practo.com/mumbai/hospital/asian-heart-hospital-bandra-east
33,Ramakrishna Mission Hospital,"Khar West, Mumbai",46.0,,https://www.practo.com/mumbai/hospital/ramakrishna-mission-hospital-khar-west
34,Bhartiya Arogya Nidhi Hospital,"Juhu, Mumbai",17.0,5.0,https://www.practo.com/mumbai/hospital/bhartiya-arogya-nidhi-hospital-juhu-1
35,Belle Vue Multispeciality Hospital,"Andheri, Mumbai",23.0,,https://www.practo.com/mumbai/hospital/belle-vue-multispeciality-hospital-andheri-west
36,Srijan The Fertility Centre & Women Care Hospital,"Borivali West, Mumbai",1.0,15.0,https://www.practo.com/mumbai/hospital/srijan-the-fertility-centre-women-care-hospital-borivali-west
37,Aditi Hospital,"Mulund West, Mumbai",6.0,4.0,https://www.practo.com/mumbai/hospital/aditi-hospital-mulund-west-mulund-west
38,Raksha Hospital,"Malad West, Mumbai",8.0,35.0,https://www.practo.com/mumbai/hospital/raksha-hospital-malad-west-2
39,Sanchaiti Superspeciality Hospital,"Kandivali East, Mumbai",13.0,27.0,https://www.practo.com/mumbai/hospital/dr-jaideep-mankani-s-clinic-kandivali-east-1
40,Smt B C J General Hospital ,"Santacruz West, Mumbai",32.0,,https://www.practo.com/mumbai/hospital/bcj-hospital-santacruz-west
41,Shree Krishna Hospital,"Borivali East, Mumbai",9.0,21.0,https://www.practo.com/mumbai/hospital/shree-krishna-hospital-borivali-east
42,Kohinoor Hospital,"Kurla West, Mumbai",1.0,175.0,https://www.practo.com/mumbai/hospital/kohinoor-hospital-kurla-west-2
43,Rani Shankar Hospital & Diabetic Centre,"Mira Road, Mumbai",7.0,15.0,https://www.practo.com/mumbai/hospital/rani-shankar-hospital-mira-road
44,Guru Nanak Hospital,"Bandra East, Mumbai",37.0,120.0,https://www.practo.com/mumbai/hospital/guru-nanak-hospital-bandra-east
45,Powai Polyclinic & Hospital,"Powai, Mumbai",10.0,30.0,https://www.practo.com/mumbai/hospital/powai-polyclinic-hospital-powai-1
46,Gokul Hospital,"Kandivali East, Mumbai",9.0,15.0,https://www.practo.com/mumbai/hospital/gokul-hospital-kandivali-west
47,Niron Hospital,"Santacruz East, Mumbai",22.0,50.0,https://www.practo.com/mumbai/hospital/dr-vaibhav-r-kubal-santacruz-east
48,Tata Memorial Hospital ,"Parel, Mumbai",14.0,,https://www.practo.com/mumbai/hospital/tata-memorial-hospital-parel-1-645224
49,Dr. Jonwal's Niramay Ayush Panchkarm Health Institute & Research Hospital,"Kandivali West, Mumbai",4.0,15.0,https://www.practo.com/mumbai/hospital/dr-jonwals-niramay-ayush-panchkarm-health-instituteresearch-kandivali-west
50,Hegde Hospital ,"Chembur, Mumbai",3.0,14.0,https://www.practo.com/mumbai/hospital/hegde-surgical-general-maternity-hospital-chembur-east
51,Criti Care Multi Speciality Hospital & Research Centre,"Andheri West, Mumbai",39.0,100.0,https://www.practo.com/mumbai/hospital/criticare-multi-speciality-hospital-research-centre-andheri-west
52,Irla Nursing Home & Polyclinic,"Vileparle West, Mumbai",4.0,16.0,https://www.practo.com/mumbai/hospital/irla-nursing-home-vileparle-west
53,Shalom Medicare Pvt Ltd,"Bhayandar East, Mumbai",16.0,25.0,https://www.practo.com/mumbai/hospital/shalom-medicare-pvt-ltd-bhayandar-east
54,Shree Hospital,"Chembur, Mumbai",4.0,28.0,https://www.practo.com/mumbai/hospital/shree-hospital-chembur-chembur
55,Mukund Hospital,"Andheri East, Mumbai",8.0,,https://www.practo.com/mumbai/hospital/mukund-hospital-andheri-east
56,Endocrine and Diabetes Clinic,"Borivali West, Mumbai",3.0,20.0,https://www.practo.com/mumbai/hospital/mandapeshwar-hospital-and-nursing-home-borivali-west
57,Ankur Hospital,"Kandivali West, Mumbai",4.0,15.0,https://www.practo.com/mumbai/hospital/ankur-hospital-kandivali-west-1-668764
58,Mangal Anand Hospital,"Chembur, Mumbai",11.0,38.0,https://www.practo.com/mumbai/hospital/mangal-anand-hospital-chembur-1
59,Maruti Nursing Home,"Mulund East, Mumbai",4.0,15.0,https://www.practo.com/mumbai/hospital/maruti-nursing-home-mulund-east-1
60,Hira Mongi Navneet Hospital,"Mulund West, Mumbai",47.0,5.0,https://www.practo.com/mumbai/hospital/hira-mongi-navneet-hospital-mulund-west1
61,Narurkar ENT Hospital,"Chembur East, Mumbai",1.0,2.0,https://www.practo.com/mumbai/hospital/narurkar-ent-hospital-chembur-east
62,Bombay Hospital & Medical Research Centre,"Marine Lines, Mumbai",224.0,900.0,https://www.practo.com/mumbai/hospital/bombay-hospital-medical-research-centre-marine-lines
63,New Sanjeevani Hospital,"Malad East, Mumbai",15.0,,https://www.practo.com/mumbai/hospital/sanjeevani-hospital-malad-malad
64,Saifee Hospital,"Charni Road, Mumbai",170.0,256.0,https://www.practo.com/mumbai/hospital/saifee-hospital-charni-road-2
65,Tandon Hospital,"Chembur East, Mumbai",4.0,11.0,https://www.practo.com/mumbai/hospital/tandon-hospital-chembur
66,Shakuntala Maternity Hospital,"Kandivali West, Mumbai",4.0,100.0,https://www.practo.com/mumbai/hospital/shakuntala-maternity-hospital-kandivali-west-1
67,Eye care centre,"Malad West, Mumbai",1.0,10.0,https://www.practo.com/mumbai/hospital/eye-care-centre-malad-west
68,Arogyam Hospital,"Kanjurmarg, Mumbai",2.0,15.0,https://www.practo.com/mumbai/hospital/arogyam-hospital-kanjurmarg-1
69,Sujay Hospital,"Vileparle West, Mumbai",21.0,50.0,https://www.practo.com/mumbai/hospital/sujay-hospital-vileparle-west
70,Ojas Eye Hospital,"Bandra West, Mumbai",4.0,25.0,https://www.practo.com/mumbai/hospital/ojas-eye-hospital-bandra-west
71,Kandivili Hitvardhak Mandal Hospital,"Kandivali West, Mumbai",13.0,,https://www.practo.com/mumbai/hospital/kandivili-hitvardhak-mandal-hospital-kandivali-west
72,S.R Mehta Hospital,"Sion East, Mumbai",37.0,,https://www.practo.com/mumbai/hospital/s-r-mehta-hospital-sion-east
73,Agarwal General Hospital & Polyclinic,"Malad East, Mumbai",9.0,,https://www.practo.com/mumbai/hospital/agarwal-general-hospital-polyclinic-malad-east
74,DNA Multispeciality Hospital ,"Kandivali East, Mumbai",2.0,15.0,https://www.practo.com/mumbai/hospital/dna-multispeciality-hospital-kandivali-east-1
75,Aditya Jyot Eye Hospital,"Wadala, Mumbai",12.0,,https://www.practo.com/mumbai/hospital/aditya-jyot-eye-hospital-wadala
76,Dr Panchamiyas Hi Tech Orthopaedic And Surgical Hospital,"Kandivali West, Mumbai",7.0,,https://www.practo.com/mumbai/hospital/dr-panchamiyas-hi-tech-orthopaedic-and-surgical-hospital-kandivali-west
77,Dr Indu’s Newborn & Childcare Centre,"Andheri West, Mumbai",4.0,,https://www.practo.com/mumbai/hospital/dr-indus-new-born-child-care-centre-andheri-west
78,Janhvi Nursing Home Pvt Ltd.,"Malad West, Mumbai",6.0,15.0,https://www.practo.com/mumbai/hospital/janhvi-nursing-home-malad-west-1
79,Dr. Mendadkar's Children Hospital,"Kurla East, Mumbai",1.0,,https://www.practo.com/mumbai/hospital/dr-mendadkar-s-children-hospital-nicu-picu-kurla-east
80,Satyam Hospital,"Ghatkopar West, Mumbai",11.0,,https://www.practo.com/mumbai/hospital/satyam-hospital-ghatkopar-west-1
81,Gokhale Eye Hospital,"Dadar West, Mumbai",1.0,,https://www.practo.com/mumbai/hospital/ghokhale-eye-clinic-dadar-west
82,Lotus Eye Hospital's Trust,"Juhu, Mumbai",9.0,,https://www.practo.com/mumbai/hospital/lotus-eye-hospital-s-trust-juhu
83,Life Care Hospital - Mira Road,"Mira Road, Mumbai",7.0,,https://www.practo.com/mumbai/hospital/life-care-hospital-mira-road-mira-road
84,Karuna Hospital,"Borivali West, Mumbai",25.0,50.0,https://www.practo.com/mumbai/hospital/karuna-hospital-borivali-west-1
85,Sanket Hospital,"Borivali West, Mumbai",2.0,9.0,https://www.practo.com/mumbai/hospital/sanket-hospital-borivali-west
86,Shree Samarth Nursing Home,"Matunga, Mumbai",2.0,18.0,https://www.practo.com/mumbai/hospital/shree-samarth-nursing-home-dadar-east
87,Khandelwal ENT Hospital,"Malad West, Mumbai",1.0,,https://www.practo.com/mumbai/hospital/khandelwal-ent-general-hospital-polyclinic-malad-west
88,Womens Hospital,"Khar West, Mumbai",2.0,,https://www.practo.com/mumbai/hospital/womens-hospital-bandra
89, Kulkarni Hospital & ICU,"Jogeshwari East, Mumbai",9.0,,https://www.practo.com/mumbai/hospital/kulkarni-hospital-icu-jogeshwari-east
90,Dr. L.H.Hiranandani Hospital,"Powai, Mumbai",1.0,,https://www.practo.com/mumbai/hospital/dr-l-h-hiranandani-hospital-powai-6
91,Diamond Hospital,"Jogeshwari West, Mumbai",5.0,20.0,https://www.practo.com/mumbai/hospital/diamond-hospital-jogeshwari
92,Mallika Hospital,"Jogeshwari West, Mumbai",3.0,30.0,https://www.practo.com/mumbai/hospital/mallika-hospital-jogeshwari-west
93,Anand Hospital,"Mira Road, Mumbai",2.0,15.0,https://www.practo.com/mumbai/hospital/anand-hospital-mira-road
94,Aashna Nursing Home,"Andheri, Mumbai",13.0,10.0,https://www.practo.com/mumbai/hospital/aashna-nursing-home-andheri
95,Sona Hospital And Medical Centre,"Santacruz East, Mumbai",17.0,15.0,https://www.practo.com/mumbai/hospital/sona-hospital-and-medical-centre-santacruz-east
96,Dr. Subodh Mehta Medical Center,"Khar West, Mumbai",22.0,,https://www.practo.com/mumbai/hospital/dr-subodh-mehta-medical-center-khar-west
97,Matrushri Hospital,"Kandivali West, Mumbai",5.0,,https://www.practo.com/mumbai/hospital/matrushri-hospital-kandivali-west
98,Seven Eleven Hospital,"Mira Road, Mumbai",22.0,150.0,https://www.practo.com/mumbai/hospital/seven-eleven-hospital-mira-road
99, Nagher Samaj Hospital,"Ghatkopar West, Mumbai",2.0,15.0,https://www.practo.com/mumbai/hospital/nagher-samaj-hospital-ghatkopar-west
100,Madhu Hospital,"Bhandup West, Mumbai",9.0,25.0,https://www.practo.com/mumbai/hospital/madhu-polyclinic-and-nursing-home-bhandup
101,Wockhardt Hospital,"Mumbai Central, Mumbai",9.0,,https://www.practo.com/mumbai/hospital/wockhardt-hospitals-mulund-west
102,New Noor Hospital,"Kurla West, Mumbai",10.0,5.0,https://www.practo.com/mumbai/hospital/new-noor-hospital-kurla-west
103,Aryan Hospital & Medical Centre ,"Kurla East, Mumbai",19.0,,https://www.practo.com/mumbai/hospital/aryan-hospital-medical-centre-kurla-east
104,Prakash Jyot Hospital & I.C.C.U,"Govandi, Mumbai",3.0,20.0,https://www.practo.com/mumbai/hospital/kher-hospital-chembur
105,Holy Family Hospital,"Bandra West, Mumbai",28.0,,https://www.practo.com/mumbai/hospital/holy-family-hospital-bandra-west-674648
106,Phoenix Hospital,"Kandivali West, Mumbai",4.0,,https://www.practo.com/mumbai/hospital/phoenix-hospital-kandivali-west
107,Parel Hospital,"Parel, Mumbai",4.0,45.0,https://www.practo.com/mumbai/hospital/parel-hospital-parel-1
108,Shreeji Hospital,"Kandivali East, Mumbai",4.0,,https://www.practo.com/mumbai/hospital/shreeji-hospital-kandivali-east-1-678252
109,Jain Hospital,"Goregaon West, Mumbai",2.0,5.0,https://www.practo.com/mumbai/hospital/apex-hospital-borivali-west-2
110,Pooja Hospital & Polyclinic,"Goregaon West, Mumbai",7.0,,https://www.practo.com/mumbai/hospital/pooja-hospital-polyclinic-goregaon-west
111,Sneh Nursing Home,"Andheri, Mumbai",2.0,4.0,https://www.practo.com/mumbai/hospital/sneh-nursing-home-andheri-east-1
112,Shalyak Hospital,"Jogeshwari East, Mumbai",11.0,28.0,https://www.practo.com/mumbai/hospital/shalyak-hospital-jogeshwari-east
113,Sir H.N. Reliance Foundation Hospital & Research Centre,"Girgaon, Mumbai",48.0,345.0,https://www.practo.com/mumbai/hospital/sir-hn-reliance-foundation-hospital-girgaon-2
114,Farids Hospital ,"Mira Road, Mumbai",11.0,,https://www.practo.com/mumbai/hospital/farids-hospital-mira-road
115,Rushabh Hospital,"Chembur, Mumbai",1.0,10.0,https://www.practo.com/mumbai/hospital/dr-suresh-poojary-s-ent-clinic-chembur
116,Sushrut Hospital and Research Center,"Chembur East, Mumbai",9.0,,https://www.practo.com/mumbai/hospital/sushrut-hospital-and-research-center-chembur
117,Sanghvi Hospital,"Andheri West, Mumbai",4.0,5.0,https://www.practo.com/mumbai/hospital/sanghvi-hospital-andheri-west
118,Cloudnine Hospital,"Malad West, Mumbai",48.0,,https://www.practo.com/mumbai/hospital/cloudnine-hospital-malad-1-malad-west
119,Asha Maternity And General Hospital,"Malad East, Mumbai",6.0,30.0,https://www.practo.com/mumbai/hospital/asha-maternity-general-hospital-malad-east-1
120,Inlaks General Hospital,"Chembur East, Mumbai",7.0,,https://www.practo.com/mumbai/hospital/inlaks-general-hospital-chembur-east
121,City Hospital-kurla,"Kurla West, Mumbai",2.0,50.0,https://www.practo.com/mumbai/hospital/city-hospital-kurla-kurla-west
122,Kokan Hospital,"Jogeshwari East, Mumbai",4.0,21.0,https://www.practo.com/mumbai/hospital/kokan-hospital-jogeshwari-east
123,Yashwant Maternity Hospital,"Vikhroli, Mumbai",3.0,,https://www.practo.com/mumbai/hospital/yashwant-maternity-hospital-vikhroli
124,Bakul Parekh Children's Hospital,"Ghatkopar East, Mumbai",2.0,50.0,https://www.practo.com/mumbai/hospital/bakul-parekh-children-s-hospital-ghatkopar-east
125,Prince Ali Khan Hospital,"Mazgaon, Mumbai",21.0,150.0,https://www.practo.com/mumbai/hospital/prince-aly-khan-hospital-mazgaon-2
126,H J Doshi Ghatkopar Hindu Sabha Hospital,"Ghatkopar West, Mumbai",6.0,,https://www.practo.com/mumbai/hospital/h-j-doshi-ghatkopar-hindu-sabha-hospital-ghatkopar-west
127,Medicare Hospital (Bone And Joint Center),"Andheri East, Mumbai",6.0,,https://www.practo.com/mumbai/hospital/orthopaedic-andheri
128,Dr. Yadav Hospital,"Nalasopara West, Mumbai",3.0,16.0,https://www.practo.com/mumbai/hospital/dr-yadav-hospital-nalasopara-west
129,Lifelline Hospital,"Goregaon East, Mumbai",1.0,,https://www.practo.com/mumbai/hospital/lifelline-hospital-goregaon-east
130,Speciality ENT Hospital,"Kandivali East, Mumbai",5.0,4.0,https://www.practo.com/mumbai/hospital/speciality-ent-hospital-kandivali-east-1
131,Sunridges Speciality Hospital,"Vileparle West, Mumbai",2.0,30.0,https://www.practo.com/mumbai/hospital/sunridges-speciality-hospital-vileparle-west
132,Samartha Hospital,"Mira Road, Mumbai",2.0,10.0,https://www.practo.com/mumbai/hospital/samartha-hospital-mira-road-1-1
133,Pandya Surgical & Maternity Hospital,"Borivali, Mumbai",4.0,8.0,https://www.practo.com/mumbai/hospital/pandya-surgical-maternity-hospital-borivali-west
134,Benzer Nursing Home,"Andheri West, Mumbai",7.0,15.0,https://www.practo.com/mumbai/hospital/benzer-nursing-home-andheri-west
135,Purnima Hospital,"Borivali East, Mumbai",9.0,,https://www.practo.com/mumbai/hospital/purnimahospital-borivali-east-1
136,Samarth Hospital,"Vikhroli West, Mumbai",2.0,,https://www.practo.com/mumbai/hospital/samarth-hospital-vikhroli-west-1
137,Excel ENT Hospital,"Ghatkopar East, Mumbai",2.0,3.0,https://www.practo.com/mumbai/hospital/excel-ent-hospital-ghatkopar-east-5
138,Tandon Multispeciality Eye Hospital,"Andheri West, Mumbai",7.0,,https://www.practo.com/mumbai/hospital/tandon-eye-hospital-andheri-west
139,Rukhmani Hospital,"Grant Road, Mumbai",16.0,,https://www.practo.com/mumbai/hospital/rukhmani-hospital-grant-road
140,Criticare Hospital,"Andheri East, Mumbai",1.0,100.0,https://www.practo.com/mumbai/hospital/criti-care-multi-speciality-hospital-and-research-centre-andheri-east
141,ARK Hospital,"Andheri West, Mumbai",9.0,20.0,https://www.practo.com/mumbai/hospital/ark-hospital-santacruz-west
142,Sai Baba Hospital,"Bhayandar East, Mumbai",5.0,34.0,https://www.practo.com/mumbai/hospital/sai-baba-hospital-2-bhayander-east
143,Lifeline Group of Hospitals,"Malad West, Mumbai",18.0,,https://www.practo.com/mumbai/hospital/lifeline-hospital-malad-west-1-1
144,Paramount General Hospital & I.C.C.U,"Andheri East, Mumbai",4.0,,https://www.practo.com/mumbai/hospital/paramount-general-hospital-i-c-c-u-andheri-east
145,Sunny Hospital,"Chembur, Mumbai",1.0,,https://www.practo.com/mumbai/hospital/sunny-hospital-chembur
146,Bathia Hospital And Eye Clinic,"Borivali West, Mumbai",10.0,,https://www.practo.com/mumbai/hospital/bathia-hospital-and-eye-clinic-borivali-west-1
147,Maru Hospital,"Parel, Mumbai",33.0,20.0,https://www.practo.com/mumbai/hospital/maru-hospital-parel
148,Hinduja HealthCare Surgical Hospital,"Khar West, Mumbai",4.0,,https://www.practo.com/mumbai/hospital/hinduja-healthcare-surgical-hospital-khar-khar-west
149,Hitankshi Nursing Home,"Mira Road, Mumbai",6.0,15.0,https://www.practo.com/mumbai/hospital/hitankshi-nursing-home-mira-road
150,Thakur Hospital,"Dadar West, Mumbai",8.0,,https://www.practo.com/mumbai/hospital/thakur-hospital-dadar-west-2
151,Kapadia Multispeciality Hospital,"Goregaon West, Mumbai",1.0,30.0,https://www.practo.com/mumbai/hospital/kapadia-multispeciality-hospital-goregaon-west
152,Ashwini Accident Hospital,"Mahim, Mumbai",21.0,10.0,https://www.practo.com/mumbai/hospital/ashwinii-accident-hospital-mahim-1
153,Global Hospital,"Parel, Mumbai",3.0,200.0,https://www.practo.com/mumbai/hospital/jalpa-bhuta-clinic-dadar-east
154,Sanjeevanee Hospital,"Dadar East, Mumbai",2.0,15.0,https://www.practo.com/mumbai/hospital/sanjeevanee-hospital-dadar-east-1
155,Sobti Hospital,"Matunga, Mumbai",3.0,7.0,https://www.practo.com/mumbai/hospital/sobti-hospital-dadar-east-1
156,Worli Hospital For Women,"Worli, Mumbai",6.0,8.0,https://www.practo.com/mumbai/hospital/worli-hospital-for-women-worli-2
157,Kenia Eye Hospital,"Santacruz West, Mumbai",2.0,,https://www.practo.com/mumbai/hospital/kenia-eye-hospital-santacruz-west
158,Ruby Hospital - A Venture of Arogyam Hospital,"Bhandup West, Mumbai",8.0,15.0,https://www.practo.com/mumbai/hospital/arogyam-hospital-ruby-hospital-bhandup-east
159,Atlantis Hospital,"Malad West, Mumbai",6.0,20.0,https://www.practo.com/mumbai/hospital/atlantis-hospital-malad-west
160, Abhinav Sushrut Hospital,"Dahisar East, Mumbai",12.0,,https://www.practo.com/mumbai/hospital/abhinav-sushrut-hospital-dahisar-east
161,Oscar Multispeciality Hospital,"Kandivali West, Mumbai",1.0,75.0,https://www.practo.com/mumbai/hospital/oscar-multispeciality-hospital-kandivali-west
162,Bagwe Hospital,"Ghatkopar West, Mumbai",7.0,10.0,https://www.practo.com/mumbai/hospital/bagwe-hospital-ghatkopar-west-1
163,Parakh Hospital,"Ghatkopar, Mumbai",1.0,80.0,https://www.practo.com/mumbai/hospital/parakh-hospital-ghatkopar
164,Arya Women's Hospital,"Kandivali West, Mumbai",1.0,,https://www.practo.com/mumbai/hospital/aryawomens-health-care-centre-kandivali-west
165,Apex Multi Speciality Hospital ,"Sakinaka, Mumbai",2.0,18.0,https://www.practo.com/mumbai/hospital/apex-multi-speciality-hospital-andheri-east
166,Care & Cure Maternity And Nursing Home,"Powai, Mumbai",46.0,,https://www.practo.com/mumbai/hospital/care-cure-maternity-and-nursing-home-powai-1
167,SevenHills Hospital,"Andheri East, Mumbai",1.0,1500.0,https://www.practo.com/mumbai/hospital/sevenhills-hospital-8-andheri-east
168,Ashok Hospital,"Dahisar East, Mumbai",6.0,12.0,https://www.practo.com/mumbai/hospital/ashok-hospital-dahisar
169,Sitla Hospital,"Chembur, Mumbai",2.0,,https://www.practo.com/mumbai/hospital/sitla-hospital-chembur
170,Prasanna Aarogya Hospital & ICU,"Mulund West, Mumbai",6.0,,https://www.practo.com/mumbai/hospital/prasanna-aarogya-hospital-icu-mulund-west-1
171,Zenith Hospital,"Malad, Mumbai",5.0,100.0,https://www.practo.com/mumbai/hospital/dr-abhidnyaa-s-skin-care-malad
172,Nimani Hospital,"Malad West, Mumbai",1.0,,https://www.practo.com/mumbai/hospital/nimani-hospital-malad-west
173,Nihal Nursing Home,"Powai, Mumbai",1.0,,https://www.practo.com/mumbai/hospital/nihal-nursing-home-powai-1
174,Spring Life IVF & Fertility Centre,"Parel, Mumbai",6.0,9.0,https://www.practo.com/mumbai/hospital/spring-ivf-parel
175,SAS Hospital,"Bhandup West, Mumbai",1.0,25.0,https://www.practo.com/mumbai/hospital/sas-hospital-bhandup-west
176,Mehta International Eye Institute,"Colaba, Mumbai",1.0,3.0,https://www.practo.com/mumbai/hospital/prof-dr-keiki-r-mehta-colaba
177,Masrani Hospital For Women,"Andheri, Mumbai",19.0,15.0,https://www.practo.com/mumbai/hospital/masrani-hospital-for-women-mimas-andheri-west
178,Surana Sethia Hospital and Research Center,"Chembur, Mumbai",5.0,75.0,https://www.practo.com/mumbai/hospital/surana-sethia-hospital-and-research-centre-chembur-chembur
179,Dhanwantari Hospital and Research Centre,"Shivaji Park, Mumbai",2.0,,https://www.practo.com/mumbai/hospital/dhanwantari-hospital-and-research-centre-shivaji-park
180,Shah Nursing Home ,"Matunga, Mumbai",1.0,8.0,https://www.practo.com/mumbai/hospital/shah-nursing-home-matunga
181,Swastik Nursing Home,"Ghatkopar West, Mumbai",2.0,10.0,https://www.practo.com/mumbai/hospital/swastic-nursing-home-ghatkopar-west
182,Dr. Farid's Hospital,"Mira Road, Mumbai",1.0,15.0,https://www.practo.com/mumbai/hospital/dr-farid-s-hospital-mira-road
183,Dr LH Hiranandani Hospital,"Powai, Mumbai",3.0,,https://www.practo.com/mumbai/hospital/dr-lh-hiranandani-hospital-powai
184,Kiran Care & Cure Hospital,"Andheri East, Mumbai",6.0,,https://www.practo.com/mumbai/hospital/kiran-care-cure-hospital-andheri-east
185,SMT Laxmiben Dharmshi Karsn Gala Eye Hospital ,"Vileparle East, Mumbai",1.0,,https://www.practo.com/mumbai/hospital/smt-laxmiben-dharmshi-karsn-gala-eye-hospital-vileparle-east
186,Parekh Eye Hospital,"Bandra, Mumbai",3.0,3.0,https://www.practo.com/mumbai/hospital/parekh-eye-hospital-bandra-west-1
187,Surana Hospital,"Bhayandar, Mumbai",12.0,15.0,https://www.practo.com/mumbai/hospital/surana-hospital-bhayandar-east
188,Somaiya Hospital,"Sion East, Mumbai",17.0,,https://www.practo.com/mumbai/hospital/somaiya-hospital-sion-east
189,Pikale Hospital,"Mahim, Mumbai",4.0,10.0,https://www.practo.com/mumbai/hospital/pikale-hospital-mahim
190,Eye Solutions - The complete eye hospital,"Cumballa Hill, Mumbai",2.0,,https://www.practo.com/mumbai/hospital/eye-solutions-cumballa-hill
191,Kirti Nursing Home,"Kandivali West, Mumbai",1.0,,https://www.practo.com/mumbai/hospital/kirti-nursing-home-kandivali-west
192,Jeevan Maternity & General Hospital,"Malad East, Mumbai",5.0,30.0,https://www.practo.com/mumbai/hospital/jeevan-maternity-general-hospital-malad-east
193,Platinum Hospital,"Mulund East, Mumbai",5.0,100.0,https://www.practo.com/mumbai/hospital/platinum-hospital-mulund-west
194,Pancholi Hospital,"Ghatkopar East, Mumbai",17.0,20.0,https://www.practo.com/mumbai/hospital/pancholi-hospital-ghatkopar-east-1-1
195,Vinayak Maternity And General Hospital,"Malad West, Mumbai",11.0,,https://www.practo.com/mumbai/hospital/vinayak-maternity-and-general-hospital-malad-west-1
196,Sarla Hospital,"Santacruz West, Mumbai",4.0,35.0,https://www.practo.com/mumbai/hospital/sarla-hospital-santacruz-west
197,Pushpaa Hospital,"Andheri West, Mumbai",2.0,15.0,https://www.practo.com/mumbai/hospital/pushpa-hospital-andheri-west
198,Manisha's Sparshad Nursing Home,"Bhandup, Mumbai",3.0,15.0,https://www.practo.com/mumbai/hospital/manisha-s-sparshad-nursing-home-bhandup-west-1
199,Suvidha Hospital & Polyclinic,"Goregaon West, Mumbai",1.0,15.0,https://www.practo.com/mumbai/hospital/suvidha-hospital-polyclinic-goregaon-west
200,Endoscopy Asia,"Sion West, Mumbai",37.0,80.0,https://www.practo.com/mumbai/hospital/endoscopy-asia-sion-west
201,Apollo Spectra Hospital,"Chembur, Mumbai",1.0,16.0,https://www.practo.com/mumbai/hospital/apollo-spectra-hospital-4-sion
202,Chandrajyoti Children and General Hospital,"Ghatkopar West, Mumbai",2.0,18.0,https://www.practo.com/mumbai/hospital/chandrajyoti-hospital-ghatkopar-west
203,Ashwini Nursing Home & IVF Centre,"Dadar East, Mumbai",1.0,6.0,https://www.practo.com/mumbai/hospital/ashwini-nursing-home-dadar
204,Kanchi Nursing Home,"Goregaon East, Mumbai",9.0,16.0,https://www.practo.com/mumbai/hospital/kanchi-nursing-home-goregaon-east-1
205,Sailee Hospital,"Borivali West, Mumbai",6.0,,https://www.practo.com/mumbai/hospital/sailee-hospital-borivali-west-1
206,Sushrusha Hospital - Mira Road,"Mira Road, Mumbai",3.0,,https://www.practo.com/mumbai/hospital/sushrusha-hospital-mira-road-mira-road
207,Shroff Eye Clinic,"Marine Drive, Mumbai",3.0,,https://www.practo.com/mumbai/hospital/shroff-eye-clinic-marine-drive
208,Shroff Eye Hospital,"Bandra West, Mumbai",1.0,,https://www.practo.com/mumbai/hospital/shroff-eye-hospital-bandra-west
209,Shreeji Hospital,"Ghatkopar West, Mumbai",3.0,15.0,https://www.practo.com/mumbai/hospital/shreeji-hospital-ghatkopar-west
210,Ashirwad Maternity & Nursing Home,"Bhandup West, Mumbai",2.0,16.0,https://www.practo.com/mumbai/hospital/ashirwad-maternity-nursing-home-bhandup-west
211,Raghu Kamal Hospital,"Malad West, Mumbai",8.0,,https://www.practo.com/mumbai/hospital/raghu-kamal-hospital-malad-west-1
212,DNA Multispeciality Hospital,"Kandivali East, Mumbai",8.0,,https://www.practo.com/mumbai/hospital/dna-multispeciality-hospital-kandivali-east
213,Hamzah Multispeciality Hospital ,"Mira Road, Mumbai",1.0,,https://www.practo.com/mumbai/hospital/hamzah-multispeciality-hospital-mira-road
214,Nefrons Hospital,"Mulund West, Mumbai",3.0,10.0,https://www.practo.com/mumbai/hospital/nefrons-hospital-mulund-west
215,Dr. Bhatt`s Hospital,"Goregaon West, Mumbai",10.0,16.0,https://www.practo.com/mumbai/hospital/dr-bhatt-s-hospital-goregaon-west-1
216,Shree Hospital,"Mulund, Mumbai",2.0,20.0,https://www.practo.com/mumbai/hospital/dr-thakurs-shree-hospital-thane-west
217,Sangita Maternity Surgical & Diagnostic Centre,"Andheri West, Mumbai",11.0,15.0,https://www.practo.com/mumbai/hospital/sangita-maternity-surgical-andheri-west
218,FourCare Hospital,"Vileparle East, Mumbai",1.0,6.0,https://www.practo.com/mumbai/hospital/dr-roshni-s-clinic-vileparle-east-1
219,Aarti Chetraj Khadka Nursing Home,"Bhandup West, Mumbai",9.0,,https://www.practo.com/mumbai/hospital/aarti-chetraj-khadka-nursing-home-bhandup-west
220,Belle Vue Nursing Home,"Andheri West, Mumbai",2.0,25.0,https://www.practo.com/mumbai/hospital/belle-vue-nursing-home-andheri-west-1
221,Gupta Nursing Home,"Malad West, Mumbai",4.0,,https://www.practo.com/mumbai/hospital/gupta-nursing-home-1-malad-west
222,Datt Maternity & Surgical Home,"Goregaon West, Mumbai",1.0,15.0,https://www.practo.com/mumbai/hospital/datt-maternity-surgical-home-goregaon-1
223,Rathod Orthopaedic Hospital,"Borivali West, Mumbai",5.0,5.0,https://www.practo.com/mumbai/hospital/rathod-orthopaedic-hospital-borivali-west-1
224,Shree Sai Clinic & Late Parvati Shankar Rao Chavan Memorial Hospital,"Goregaon West, Mumbai",2.0,,https://www.practo.com/mumbai/hospital/shree-sai-clinic-late-parvati-shankar-rao-chavan-memorial-hospital-goregaon-west
225,Prime Hospital - Malad West,"Marve, Mumbai",11.0,15.0,https://www.practo.com/mumbai/hospital/prime-hospital-malad-west-malad-west
226,Oma Hospital,"Chembur, Mumbai",5.0,20.0,https://www.practo.com/mumbai/hospital/oma-hospital-chembur
227,Sai Hospital,"Chembur, Mumbai",7.0,,https://www.practo.com/mumbai/hospital/sai-hospital-chembur-chembur
228,Saidhan Hospital ICCU & Eye Care,"Mulund East, Mumbai",1.0,,https://www.practo.com/mumbai/hospital/saidan-hospital-iccu-mulund-west
229,J P Hospital,"Andheri East, Mumbai",1.0,,https://www.practo.com/mumbai/hospital/j-p-hospital-andheri-east
230,Universal Eye Clinic,"Wadala, Mumbai",2.0,2.0,https://www.practo.com/mumbai/hospital/universal-eye-clinic-chembur
231,Roshni Eye Hospital,"Andheri West, Mumbai",3.0,,https://www.practo.com/mumbai/hospital/roshni-eye-hospital-andheri-west
232,Sai Hospital-Thane,"Mulund, Mumbai",17.0,25.0,https://www.practo.com/mumbai/hospital/sai-hospital-thane-thane
233,Mohit Hospital,"Borivali East, Mumbai",1.0,25.0,https://www.practo.com/mumbai/hospital/mohit-hospital-borivali-east
234,Sai Lee Hospital,"Borivali, Mumbai",5.0,,https://www.practo.com/mumbai/hospital/sai-lee-hospital-borivali
235,Laxmi Maternity Home,"Chembur, Mumbai",9.0,,https://www.practo.com/mumbai/hospital/lakshmi-maternity-home-chembur
236,Modi Hospital ,"Mulund, Mumbai",11.0,25.0,https://www.practo.com/mumbai/hospital/modi-hospital-thane-west
237,St Mary Hospital,"Malad East, Mumbai",2.0,,https://www.practo.com/mumbai/hospital/st-mary-hospital-malad-east-1
238,Life Care Hospital,"LBS Marg, Mumbai",1.0,,https://www.practo.com/mumbai/hospital/life-care-hospital-lbs-marg
239,Shiv Om Hospital,"Mira Road, Mumbai",1.0,20.0,https://www.practo.com/mumbai/hospital/shiv-om-hospital-mira-road
240,Bhavna Maternity & Nursing Home,"Ghatkopar West, Mumbai",3.0,5.0,https://www.practo.com/mumbai/hospital/bhavna-maternity-nursing-home-ghatkopar-west-1
241,Shreeji Kripa Nursing Home,"Borivali, Mumbai",3.0,8.0,https://www.practo.com/mumbai/hospital/shreeji-kripa-surgical-centre-icu-nursing-home-borivali-west
242,Shree Siddhivinayak Urology & Multispeciality Hospital,"Dombivli East, Mumbai",2.0,,https://www.practo.com/mumbai/hospital/shree-siddhivinayak-urology-multispeciality-hospital-dombivili-east-1
243,Atullok Hospital,"Vikhroli East, Mumbai",1.0,15.0,https://www.practo.com/mumbai/hospital/bone-joint-general-hospitality-vikhroli-east
244,Unique Hospital,"Andheri West, Mumbai",1.0,15.0,https://www.practo.com/mumbai/hospital/unique-hospital-andheri-west
245,Babasaheb Gawde Hospital,"Vileparle East, Mumbai",9.0,65.0,https://www.practo.com/mumbai/hospital/baba-saheb-gawada-hospital-vileparle-east
246,Cansure Centre,"Mulund West, Mumbai",2.0,17.0,https://www.practo.com/mumbai/hospital/cansure-centre-thane-west
247,The Vein Center - Sushrut Hospital,"Andheri East, Mumbai",4.0,5.0,https://www.practo.com/mumbai/hospital/the-vein-center-sushrut-hospital-andheri-east
248,Nayak Medicare - Nursing Home,"Chembur East, Mumbai",2.0,,https://www.practo.com/mumbai/hospital/nayak-medicare-chembur-east
249,M S Maternity & General Hospital ,"Bhandup West, Mumbai",2.0,,https://www.practo.com/mumbai/hospital/m-s-maternity-general-hospital-bhandup-west-1
250,R.G Stone Hospital,"Mulund West, Mumbai",13.0,,https://www.practo.com/mumbai/hospital/r-g-stone-hospital-mulund-west
251,Bellevue Multispeciality Hospital,"Andheri West, Mumbai",7.0,,https://www.practo.com/mumbai/hospital/bellevue-multispeciality-hospital-andheri-west-1
252,Dr Shah's Garbhasanskar Hospital,"Dadar, Mumbai",3.0,6.0,https://www.practo.com/mumbai/hospital/ashwini-hospital-dadar-east
253,Lotus Multispecialty Hospital,"Borivali West, Mumbai",2.0,25.0,https://www.practo.com/mumbai/hospital/lotus-multispecialty-hospital-borivali-west
254,Parel Midtown Imaging Hospital,"Parel, Mumbai",2.0,,https://www.practo.com/mumbai/hospital/parel-midtown-imaging-hospital-parel
255,Smt Sushilaben R Mehta & Sir Kikabhai Hospital,"Sion, Mumbai",13.0,,https://www.practo.com/mumbai/hospital/smt-sushilaben-r-mehta-sir-kikabhai-hospital-sion-1
256,Noble Hospital,"Ghatkopar West, Mumbai",1.0,,https://www.practo.com/mumbai/hospital/noble-hospital-ghatkopar-west-1
257,Regent Hospital,"Mira Road, Mumbai",5.0,50.0,https://www.practo.com/mumbai/hospital/dr-kashmira-goswami-mira-road
258,Powai Polyclinic Hospital,"Powai, Mumbai",26.0,,https://www.practo.com/mumbai/hospital/powai-polyclinic-hospital-powai
259,Phoenix Hospital,"Borivali West, Mumbai",1.0,,https://www.practo.com/mumbai/hospital/phoenix-hospital-6
260,Jain ENT Hospital,"Mira Road, Mumbai",16.0,,https://www.practo.com/mumbai/hospital/jain-ent-hospital-mira-road
261,Nirmala Hospital,"Mahalaxmi, Mumbai",5.0,27.0,https://www.practo.com/mumbai/hospital/nirmala-hospital-mumbai-mahalaxmi
262,"Dept. Of Advance Physiotherapy & Sports Rehab, Saifee Hospital","Borivali West, Mumbai",2.0,,https://www.practo.com/mumbai/hospital/dept-of-advance-physiotherapy-sports-rehab-saifee-hospital-borivali-west
263,Dr. Gujar's Maternity and Surgical Hospital,"Mulund East, Mumbai",1.0,8.0,https://www.practo.com/mumbai/hospital/dr-gujar-s-maternity-and-surgical-hospital-mulund-east
264,Riddhi Vinayak Hospital,"Malad West, Mumbai",2.0,60.0,https://www.practo.com/mumbai/hospital/riddhi-vinayak-hospital-malad-west
265,Marve Nursing Home,"Malad West, Mumbai",1.0,15.0,https://www.practo.com/mumbai/hospital/marve-nursing-home-malad-1
266,Shruti Nursing Home,"Bandra, Mumbai",2.0,11.0,https://www.practo.com/mumbai/hospital/shruti-nursing-home-1-bandra
267,Meena Multispeciality Hospital,"Bhandup West, Mumbai",2.0,25.0,https://www.practo.com/mumbai/hospital/meena-multispeciality-hospital-bhandup-west
268,Lotus Multi Speciality Hospital,"Bhandup West, Mumbai",1.0,15.0,https://www.practo.com/mumbai/hospital/lotus-hospital-2-bhandup-west-1
269,Harish Nursing Home,"Lower Parel, Mumbai",1.0,9.0,https://www.practo.com/mumbai/hospital/harish-nursing-hom-lower-parel
270,Asmira Hospital,"Sakinaka, Mumbai",5.0,10.0,https://www.practo.com/mumbai/hospital/asmira-hospital-sakinaka
271,Lakshmi Nursing Home,"Mulund West, Mumbai",5.0,18.0,https://www.practo.com/mumbai/hospital/lakshmi-nursing-home-mulund-west
272,Gayatri Maternity & General Nursing Home,"Goregaon East, Mumbai",76.0,,https://www.practo.com/mumbai/hospital/gayatri-maternity-general-nursing-home-malad-east
273,Riddhi Nursing Home,"Borivali West, Mumbai",2.0,8.0,https://www.practo.com/mumbai/hospital/riddhi-nursing-home-borivali-west-1
274,Matushree Hospital,"Kandivali West, Mumbai",54.0,14.0,https://www.practo.com/mumbai/hospital/matushree-hospital-borivali
275,Yashada Maternity & Surgical Home  ,"Goregaon East, Mumbai",1.0,18.0,https://www.practo.com/mumbai/hospital/yashada-maternity-surgical-home-goregaon-east-1
276,Kohinoor Hospital,"Kurla West, Mumbai",3.0,,https://www.practo.com/mumbai/hospital/kohinoor-hospital-kurla-west-1-1
277,Oyster Hospital,"Goregaon West, Mumbai",9.0,,https://www.practo.com/mumbai/hospital/oyster-hospital-goregaon-west
278,Apollo Spectra Hospitals,"Tardeo, Mumbai",14.0,50.0,https://www.practo.com/mumbai/hospital/apollo-spectra-hospitals-tardeo-1
279,Namaha Healthcare,"Kandivali West, Mumbai",2.0,60.0,https://www.practo.com/mumbai/hospital/namaha-hospital-kandivali-west-1
280,Womens Hospital,"Andheri West, Mumbai",1.0,12.0,https://www.practo.com/mumbai/hospital/womens-hospital-3-andheri-west
281,Zen Multispeciality Hospital,"Chembur, Mumbai",1.0,110.0,https://www.practo.com/mumbai/hospital/zen-hospital-chembur-east
282,Cumballa Hill Hospital and Heart Institute,"Kemps Corner, Mumbai",1.0,51.0,https://www.practo.com/mumbai/hospital/cumballa-hill-hospital-and-heart-institute-2-kemps-corner
283,Asian Cancer Institute,"Sion East, Mumbai",8.0,80.0,https://www.practo.com/mumbai/hospital/asian-cancer-institute-sion
284,Hope The Nursing Home,"Grant Road, Mumbai",6.0,18.0,https://www.practo.com/mumbai/hospital/hope-nursing-home-grant-road-1
285,Seema Multispeciality Hospital,"Nalasopara West, Mumbai",3.0,30.0,https://www.practo.com/mumbai/hospital/seema-multispeciality-hospital-nalasopara-west-1
286,Bhavsar Nursing Home & ICCU,"Bhandup West, Mumbai",1.0,25.0,https://www.practo.com/mumbai/hospital/bhavsar-nursing-home-iccu-bhandup-west
287,Aastha Maternity & Surgical Nursing Home,"Lal baug, Mumbai",3.0,10.0,https://www.practo.com/mumbai/hospital/aastha-clinic-lal-baug
288,Zynova Heart Hospital,"Ghatkopar West, Mumbai",1.0,25.0,https://www.practo.com/mumbai/hospital/zynova-heart-hospital-ghatkopar-west-2
289,Sharan Hospital,"Ghatkopar West, Mumbai",16.0,,https://www.practo.com/mumbai/hospital/nachiketa-health-care-centre-ghatkopar-east
290,Priyank Nursing Home,"Prabhadevi, Mumbai",1.0,7.0,https://www.practo.com/mumbai/hospital/consulting-rooms-prabhadevi-prabhadevi
291,Agarwal Children Hospital,"Bandra East, Mumbai",5.0,,https://www.practo.com/mumbai/hospital/agarwal-children-hospital-bandra-east
292,Aasha  Fertility Centre,"Borivali West, Mumbai",1.0,12.0,https://www.practo.com/mumbai/hospital/aasha-fertility-centre-dr-rajendra-nursing-home-borivali-west
293,Take Care Hospital,"Mira Road, Mumbai",11.0,,https://www.practo.com/mumbai/hospital/take-care-hospital-mira-road-1
294,Sneha Hospital,"Bhayandar East, Mumbai",1.0,11.0,https://www.practo.com/mumbai/hospital/sneha-hospital-3-bhayandar-east
295,Cloudnine Clinic,"Andheri West, Mumbai",2.0,100.0,https://www.practo.com/mumbai/hospital/cloudnine-clinic-andheri-andheri-west
296,Chandorkar Hospital,"Borivali, Mumbai",1.0,6.0,https://www.practo.com/mumbai/hospital/chandorkar-hospital-borivali
297,Mangal Murti Hospital,"Borivali West, Mumbai",1.0,30.0,https://www.practo.com/mumbai/hospital/mangal-murti-hospital
298,World Gastroenterology Institute,"Andheri West, Mumbai",14.0,30.0,https://www.practo.com/mumbai/hospital/world-gastroenterology-institute-andheri-west
299,Jogeshwari Hospital,"Jogeshwari West, Mumbai",2.0,14.0,https://www.practo.com/mumbai/hospital/jogeshwari-hospital-jogeshwari-west-1
300,Lion Kartar Singh Hospital,"Andheri West, Mumbai",1.0,20.0,https://www.practo.com/mumbai/hospital/lion-kartar-singh-hospital-andheri-west
301,Jayashree Nurshing Home,"Kandivali West, Mumbai",6.0,10.0,https://www.practo.com/mumbai/hospital/jai-shree-nurshing-home-kandivali-west
302,Sunita hospital,"Andheri East, Mumbai",2.0,,https://www.practo.com/mumbai/hospital/sunita-hospital-andheri-east-2
303,Lifecare Hospital,"Kandivali East, Mumbai",1.0,18.0,https://www.practo.com/mumbai/hospital/lifecare-hospital-kandivali-east
304,Sai Hospital,"Antop Hill, Mumbai",2.0,25.0,https://www.practo.com/mumbai/hospital/sai-hospital-8
305,Ruby Hospital,"Jogeshwari West, Mumbai",1.0,26.0,https://www.practo.com/mumbai/hospital/ruby-hospital
306,Sai Ganga Hospital,"Bhayandar East, Mumbai",1.0,20.0,https://www.practo.com/mumbai/hospital/sai-ganga-hospital-bhayander-east
307,Globus Hospital,"Nalasopara East, Mumbai",1.0,23.0,https://www.practo.com/mumbai/hospital/globus-hospital-1-nalasopara-east
308,Nova IVI Fertility,"Chembur, Mumbai",1.0,,https://www.practo.com/mumbai/hospital/nova-ivi-fertility-chembur
309,Ramlok ENT Hospital,"Bhayandar West, Mumbai",1.0,20.0,https://www.practo.com/mumbai/hospital/ramlok-ent-hospital-bhayandar-west
310,Arth Hospital,"Nalasopara East, Mumbai",1.0,20.0,https://www.practo.com/mumbai/hospital/arth-hospital-nalasopara-east
311,Dr. Sherekar's Hospital,"Santacruz, Mumbai",1.0,10.0,https://www.practo.com/mumbai/hospital/sherekar-d-hospital
312,Antop Hill Hospital,"Antop Hill, Mumbai",1.0,10.0,https://www.practo.com/mumbai/hospital/antop-hill-hospital
313,Sanjeevani Maternity,"Mira Road, Mumbai",2.0,10.0,https://www.practo.com/mumbai/hospital/sanjeevani-maternity-mira-road
314,Mannat Hospital,"Govandi, Mumbai",4.0,18.0,https://www.practo.com/mumbai/hospital/mannat-hospital
315,Patni Hospital,"Goregaon, Mumbai",4.0,15.0,https://www.practo.com/mumbai/hospital/patni-hospital-goregaon-west
316,Ayush Hospital,"Kandivali, Mumbai",1.0,13.0,https://www.practo.com/mumbai/hospital/ayush-hospital-malad
317,Amey Surgical Nursing Home,"Kanjurmarg, Mumbai",1.0,9.0,https://www.practo.com/mumbai/hospital/amey-surgical-nursing-home
318,Atharva Hospital,"Kandivali East, Mumbai",1.0,15.0,https://www.practo.com/mumbai/hospital/atharva-hospital
319,KLS Memorial Hospital,"Vileparle West, Mumbai",1.0,5.0,https://www.practo.com/mumbai/hospital/kls-memorial-hospital-vileparle-west-1
320,Apex Hospital,"Govandi, Mumbai",1.0,10.0,https://www.practo.com/mumbai/hospital/apex-hospital-26
321,JAI DEVI NURSING HOME,"Nalasopara East, Mumbai",1.0,15.0,https://www.practo.com/mumbai/hospital/jai-devi-nursing-home-1
322,Sahara Nursing Home,"Govandi, Mumbai",5.0,12.0,https://www.practo.com/mumbai/hospital/sahara-nursing-home-govandi
323,Jupiter Hospital & Diagnostic Centre,"Trombay, Mumbai",1.0,,https://www.practo.com/mumbai/hospital/jupiter-hospital-2-trombay
324,Mahavir Nursing Home,"Govandi, Mumbai",2.0,20.0,https://www.practo.com/mumbai/hospital/mahavir-nursing-home-govandi-1
325,Santrupti Hospital And Maternity Care,"Chunabhatti, Mumbai",2.0,8.0,https://www.practo.com/mumbai/hospital/santrupti-hospital-and-maternity-care
326,Seven Star Multispeciality Hospital,"Kandivali East, Mumbai",1.0,100.0,https://www.practo.com/mumbai/hospital/seven-star-multispeciality-hospital-kandivali-east
327,Sarodev Hospital,"Kandivali East, Mumbai",3.0,10.0,https://www.practo.com/mumbai/hospital/sarodev-hospital-kandivali-east
328,Riddhi Siddhi Hospital,"Kandivali East, Mumbai",2.0,,https://www.practo.com/mumbai/hospital/riddhi-siddhi-hospital-thakur-village-kandivali-east
329,Siddhivinayak Hospital,"Kandivali East, Mumbai",5.0,6.0,https://www.practo.com/mumbai/hospital/siddhivinayak-hospital-kandivali
330,"Jagannath Maternity, Surgical & General Hospital","Govandi, Mumbai",2.0,20.0,https://www.practo.com/mumbai/hospital/jagannath-maternity-surgical-general-hospital-govandi
331,Dr. Das Hospital & ICCU,"Chembur East, Mumbai",1.0,45.0,https://www.practo.com/mumbai/hospital/dr-das-hospital-iccu-chembur
332,Le Nest Hospital,"Malad West, Mumbai",9.0,15.0,https://www.practo.com/mumbai/hospital/le-nest-hospital-malad-west-1
333,Prime Hospital,"Goregaon East, Mumbai",2.0,10.0,https://www.practo.com/mumbai/hospital/sudha-hospital
334,V Care Hospital and ICU,"Kurla East, Mumbai",2.0,17.0,https://www.practo.com/mumbai/hospital/v-care-hospital-and-icu-kurla-east
335,SHREEDHAR HOSPITAL,"Dadar, Mumbai",5.0,6.0,https://www.practo.com/mumbai/hospital/shreedhar-hospital-dadar
336,Central Hospital,"Sakinaka, Mumbai",1.0,20.0,https://www.practo.com/mumbai/hospital/central-hospital-sakinaka
337,Global Nursing Home,"Ghatkopar, Mumbai",2.0,30.0,https://www.practo.com/mumbai/hospital/global-nursing-home-and-research-center-ghatkopar-west
338,Dr Tambe's Children Hospital,"Vikhroli East, Mumbai",1.0,9.0,https://www.practo.com/mumbai/hospital/dr-tambe-s-children-hospital-vikhroli-east
339,Govandi Nursing Home,"Govandi, Mumbai",11.0,12.0,https://www.practo.com/mumbai/hospital/govandi-nursing-home-govandi-1
340,S.N. Maternity & General Hospital,"Govandi, Mumbai",1.0,5.0,https://www.practo.com/mumbai/hospital/s-n-hospital-govandi
341,Amrut Nursing Home,"Ghatkopar West, Mumbai",17.0,15.0,https://www.practo.com/mumbai/hospital/amrut-nursing-home-ghatkopar-west
342,Kusum Superspeciality Orthopaedic Centre,"Andheri, Mumbai",1.0,5.0,https://www.practo.com/mumbai/hospital/dr-chasanal-rathod-andheri
343,SRV Hospital,"Goregaon West, Mumbai",1.0,45.0,https://www.practo.com/mumbai/hospital/dr-ajay-pandey-cardiologist-goregaon-west
344,Shobhana Hospital,"Bhayandar East, Mumbai",5.0,11.0,https://www.practo.com/mumbai/hospital/shobna-hospital-bhayander-east
345,Rane Hospital,"Chembur, Mumbai",1.0,,https://www.practo.com/mumbai/hospital/rane-hospital-chembur-2
346,Aryan Hospital,"Kurla East, Mumbai",2.0,,https://www.practo.com/mumbai/hospital/aryan-hospital-kurla-east
347,Agarwal Nursing Home,"Bandra West, Mumbai",1.0,9.0,https://www.practo.com/mumbai/hospital/agarwal-nursing-home-bandra-west
348,St Elizabeth's Hospital,"Malabar Hill, Mumbai",1.0,,https://www.practo.com/mumbai/hospital/st-elizabeth-s-hospital-malabar-hill-1
349,Sahu Eye Hospital,"Malad West, Mumbai",1.0,,https://www.practo.com/mumbai/hospital/sahu-eye-hospital-malad-west
350,Eye Life,"Khar West, Mumbai",1.0,,https://www.practo.com/mumbai/hospital/eye-life-hospital-khar-west
351,Al-Hasan Children Hospital,"Nalasopara West, Mumbai",7.0,13.0,https://www.practo.com/mumbai/hospital/al-hasan-children-hospital-nalasopara-west
352,Sri Siddhivinayak Hospital & Research Centre,"Mira Road, Mumbai",2.0,,https://www.practo.com/mumbai/hospital/sri-siddhivinayak-medical-research-mira-road
353,Saraswati Hospital,"Kandivali East, Mumbai",1.0,,https://www.practo.com/mumbai/hospital/saraswati-hospital-kandivali-west
354,Shastri Nursing Home,"Santacruz East, Mumbai",2.0,15.0,https://www.practo.com/mumbai/hospital/shastri-nursing-home-diagnostic-center-santacruz
355, Saraswati Hospital,"Malad West, Mumbai",1.0,,https://www.practo.com/mumbai/hospital/saraswati-hospital-malad-west-1
356,Sadhu Kamal Eye Hospital,"Lamington Road, Mumbai",2.0,2.0,https://www.practo.com/mumbai/hospital/sadhu-kamal-eye-hospital-lamington-road
357,Surlata Hospital Foetal Medicine Consultancy Services,"Mahim, Mumbai",1.0,,https://www.practo.com/mumbai/hospital/surlata-hospital-foetal-medicine-consultancy-services-mahim
358,Dr. Patel Nursing Home,"Andheri West, Mumbai",1.0,,https://www.practo.com/mumbai/hospital/dr-patel-nursing-home-andheri-west
359,Small And Exotic Animal Hospital,"Kandivali West, Mumbai",21.0,,https://www.practo.com/mumbai/hospital/small-and-exotic-animal-hospital-kandivali-west
360,Paramount Hospital,"Andheri East, Mumbai",1.0,,https://www.practo.com/mumbai/hospital/peramount-hospital-andheri-east
361,Desai Hospital & Maternity Centre,"Dadar West, Mumbai",2.0,10.0,https://www.practo.com/mumbai/hospital/dr-desai-rajiv-dadar-west
362,Nair Hospital,"Dadar East, Mumbai",2.0,,https://www.practo.com/mumbai/hospital/nair-hospital-mumbai
363,Shanti Nursing Home,"Vikhroli, Mumbai",2.0,,https://www.practo.com/mumbai/hospital/shanti-nursing-home-vikhroli
364,Pramukhswami Eye Hospital,"Chunabhatti, Mumbai",1.0,,https://www.practo.com/mumbai/hospital/pramukhswami-eye-hospital-chunabhatti
365,Saidhan Eye Hospital ,"Mulund East, Mumbai",15.0,4.0,https://www.practo.com/mumbai/hospital/saidhan-eye-hospital-mulund
366,Atharva Hospital & Research Center,"Sion East, Mumbai",1.0,20.0,https://www.practo.com/mumbai/hospital/atharva-hospital-and-research-center-sion-east
367, Braham Sabha Hospital,"Girgaon, Mumbai",1.0,,https://www.practo.com/mumbai/hospital/braham-sabha-hospital-girgaon
368,Durga Nursing Home,"Andheri East, Mumbai",1.0,16.0,https://www.practo.com/mumbai/hospital/durga-nursing-home-andheri-east-1
369,Orbit Eye Hospital,"Jogeshwari, Mumbai",2.0,25.0,https://www.practo.com/mumbai/hospital/orbit-eye-hospital-1
370,Punamiya Hospital,"Dadar West, Mumbai",4.0,,https://www.practo.com/mumbai/hospital/punamiya-hospital-dadar-west-1
371,Tara Neo-Surg hospital,"Ghatkopar East, Mumbai",10.0,,https://www.practo.com/mumbai/hospital/tara-neo-surg-hospital-ghatkopar-east-1
372,Prakash Nursing Home,"Nalasopara West, Mumbai",2.0,14.0,https://www.practo.com/mumbai/hospital/prakash-nursing-home-vasai-road-vasai
373,Balaji Hospital,"Andheri East, Mumbai",1.0,,https://www.practo.com/mumbai/hospital/balaji-hospital-andheri-east
374,Tate Hospital,"Nalasopara West, Mumbai",4.0,,https://www.practo.com/mumbai/hospital/tate-hospital-palghar
375,Savant Hospital Maternity & Nursing Home,"Jogeshwari, Mumbai",1.0,,https://www.practo.com/mumbai/hospital/savant-hospital-maternity-nursing-home-jogeshwari
376,Ashirwad Childrens & Surgical Hospital & ICU,"Andheri, Mumbai",1.0,,https://www.practo.com/mumbai/hospital/ashirwad-children-and-surgical-hospital-andheri
377,Dentline,"Gamdevi, Mumbai",1.0,,https://www.practo.com/mumbai/hospital/dentline-gamdevi-1
378,Siddhant Children's hospital,"Kandivali East, Mumbai",7.0,,https://www.practo.com/mumbai/hospital/siddhant-children-s-hospital-kandivali-east
379,Sai Aashirwad Hospital,"Bhayandar East, Mumbai",1.0,,https://www.practo.com/mumbai/hospital/sai-ashirwaad-hospital-bhayander-east
380,Dr. Karvir's Pruthvi Hospital & Endoscopy Center,"Palghar, Mumbai",1.0,10.0,https://www.practo.com/mumbai/hospital/dr-karvir-s-pruthvi-hospital-endoscopy-center-palghar
381,Suryakiran Multispecialty Hospital,"Kandivali East, Mumbai",1.0,,https://www.practo.com/mumbai/hospital/suryakiran-multispecialty-hospital-kandivali-east
382,Brahma Kumaris' Global Hospital and Research Center,"Andheri West, Mumbai",8.0,20.0,https://www.practo.com/mumbai/hospital/dr-ashok-mehta-global-hospital-andheri-west
383,Dhanwantary Hospital and ICU,"Mulund West, Mumbai",1.0,,https://www.practo.com/mumbai/hospital/dhanwantary-hospital-and-icu-mulund-west
384,Pearl Hospital,"Borivali West, Mumbai",1.0,,https://www.practo.com/mumbai/hospital/pearl-hospital-borivali-west
385,Puranik Hospital,"Malad West, Mumbai",1.0,10.0,https://www.practo.com/mumbai/hospital/puranik-hospital-1
386,Dr. Dragos Lifeline Hospital,"Mira Road, Mumbai",1.0,,https://www.practo.com/mumbai/hospital/dr-dragos-lifeline-hospital-mira-road
387,Dr. Praful Lokhande's Shantiniketan Hospital,"Ghatkopar West, Mumbai",1.0,50.0,https://www.practo.com/mumbai/hospital/shantiniketan-hospital-ghatkopar-west-2
388,Krishnadeep Hospital,"Nalasopara West, Mumbai",1.0,4.0,https://www.practo.com/mumbai/hospital/krishnadeep-hospital-nalasopara-west
389,Aadarsh Nursing Home,"Ghatkopar West, Mumbai",2.0,20.0,https://www.practo.com/mumbai/hospital/aadarsh-nursing-home-ghatkopar-west
390,Dr. Vora's  Premature Criti Care And Gen Hospital,"Kandivali West, Mumbai",1.0,,https://www.practo.com/mumbai/hospital/dr-vora-s-premature-critical-care-and-general-hospital-kandivali-west
391,Gayatri Maternity & General Nursing Home- Malad East,"Goregaon East, Mumbai",6.0,,https://www.practo.com/mumbai/hospital/gayatri-maternity-general-nursing-home-malad-east-1-malad-east
392,Shree ENT Nursing Home,"Vileparle East, Mumbai",7.0,5.0,https://www.practo.com/mumbai/hospital/shree-ent-nursing-home-vileparle-east
393,Dr. Dipti's physiotherapy centre,"Mira Road, Mumbai",1.0,,https://www.practo.com/mumbai/hospital/navneet-hospital-borivali-east
394,Dr. Palep Priyank Nursing Home,"Prabhadevi, Mumbai",2.0,,https://www.practo.com/mumbai/hospital/dr-shweta-raman-prabhadevi
395,Aditya Hospital,"Ghatkopar West, Mumbai",3.0,,https://www.practo.com/mumbai/hospital/aditya-hospital-1-andheri-west
396,Rushabh Eye Hospital & Laser Centre Pvt. Ltd.,"Chembur, Mumbai",3.0,10.0,https://www.practo.com/mumbai/hospital/eye-surgeon-chembur-east
397,Mahavir Medical Research Centre,"Khar West, Mumbai",1.0,25.0,https://www.practo.com/mumbai/hospital/consultant-paediatric-dentist-khar-west
398,Dr. Vaidya Eye Hospital,"Andheri West, Mumbai",1.0,20.0,https://www.practo.com/mumbai/hospital/dr-vaidya-s-eye-hospital-andheri-west
399,L C Manek Polyclinic And Nursing Home,"Chembur East, Mumbai",2.0,11.0,https://www.practo.com/mumbai/hospital/l-c-manek-polyclinic-and-nursing-home-chembur
400,Disha Hospital,"Ghatkopar West, Mumbai",4.0,5.0,https://www.practo.com/mumbai/hospital/disha-hospital-ghatkopar
401,Ojas Eye Hospital,"Kandivali East, Mumbai",3.0,50.0,https://www.practo.com/mumbai/hospital/ojas-eye-hospital-kandivali-kandivali
402,Aashirwad Hospital,"Andheri West, Mumbai",1.0,6.0,https://www.practo.com/mumbai/hospital/aashirwad-nursing-home-iccu-malad-west
403,Dr. Gandhi Nursing Home,"Dadar, Mumbai",1.0,15.0,https://www.practo.com/mumbai/hospital/dr-manoj-gandhi-dadar
404,Ashwini Hospital,"Mulund West, Mumbai",1.0,,https://www.practo.com/mumbai/hospital/ashwini-hospital-iccu-mulund-west-1
405,Lotus hospital,"Govandi, Mumbai",1.0,18.0,https://www.practo.com/mumbai/hospital/lotus-hospital-5-govandi
406,"Dental Dept., S L Raheja (a Fortis Associate) Hospital","Mahim, Mumbai",1.0,,https://www.practo.com/mumbai/hospital/dental-dept-s-l-raheja-a-fortis-associate-hospital-mahim-1
407,Pooja Hospital,"Goregaon, Mumbai",1.0,,https://www.practo.com/mumbai/hospital/pooja-hospital-goregaon-1
408,"Mahaveer Medical Hospital, Khar","Khar West, Mumbai",1.0,,https://www.practo.com/mumbai/hospital/mahaveer-medical-hospital-khar-khar-west
409,Microcare Hospital,"Wadala, Mumbai",1.0,,https://www.practo.com/mumbai/hospital/microcare-diagnostic-health-centre-wadala
410,Mandar Nursing Home,"Bandra West, Mumbai",1.0,9.0,https://www.practo.com/mumbai/hospital/mandar-nursing-home-bandra-west
411,Sports Med Hospital,"Parel, Mumbai",1.0,,https://www.practo.com/mumbai/hospital/sportsmed-hospital-parel
412,Dr. Gupte Surgical Hospital,"Khar West, Mumbai",1.0,,https://www.practo.com/mumbai/hospital/dr-gupte-surgical-hospital-khar-west
413,Vikas Nursing Home,"Govandi, Mumbai",1.0,21.0,https://www.practo.com/mumbai/hospital/vikas-nursing-home-govandi-2
414,Surana Hospital And Research Center,"Malad West, Mumbai",1.0,,https://www.practo.com/mumbai/hospital/surana-hospital-and-research-center-malad-west
415,Sadguru Hospital,"Goregaon West, Mumbai",1.0,15.0,https://www.practo.com/mumbai/hospital/sadguru-sainath-nursing-home-goregaon-west
416,Mukund Hospital,"Andheri East, Mumbai",4.0,,https://www.practo.com/mumbai/hospital/mukund-hospital-andheri-east-1
417,Aryan Hospital & ICU,"Mazgaon, Mumbai",1.0,,https://www.practo.com/mumbai/hospital/aryan-hospital-amp-icu-mazgaon
418,Om Shanti Nursing Home,"Vikhroli East, Mumbai",1.0,7.0,https://www.practo.com/mumbai/hospital/om-shanti-nursing-home-vikhroli-east
419,Shree Siddhivinayak Hospital,"Bhayandar East, Mumbai",1.0,,https://www.practo.com/mumbai/hospital/shree-siddhivinayak-hospital-bhayander-east
420,KLS Hospital,"Vileparle West, Mumbai",1.0,,https://www.practo.com/mumbai/hospital/kls-hospital-vileparle-west
421,CEDS Eye Hospital,"Bandra West, Mumbai",3.0,4.0,https://www.practo.com/mumbai/hospital/ceds-eye-hospital-bandra-west-1
422,Dr. Kulin Shah's Clinic,"Ghatkopar East, Mumbai",1.0,,https://www.practo.com/mumbai/hospital/dr-malti-shah-hospital-ghatkopar
423,Dr. Chhabildas Sanghvi Eye Hospital & Medical Centre,"Malad West, Mumbai",1.0,,https://www.practo.com/mumbai/hospital/dr-chhabildas-sanghvi-eye-hospital-medical-centre-malad-west
424,Manav Dental Hospital,"Kurla East, Mumbai",1.0,,https://www.practo.com/mumbai/hospital/manav-dental-hospital-kurla-east-1
425,Sahu Eye Hospital,"Kandivali West, Mumbai",3.0,,https://www.practo.com/mumbai/hospital/sahu-eye-hospital-kandivali-west
426,Pratik Hospital & Maternity Home,"Kandivali West, Mumbai",1.0,,https://www.practo.com/mumbai/hospital/pratik-hospital-maternity-home-kandivali-west
427,Bhojraj Chanrai Sankara Eye Hospital,"Malad West, Mumbai",1.0,,https://www.practo.com/mumbai/hospital/bhojraj-chanrai-sankara-eye-hospital-malad-west
428,Amplifon - Borivali,"Borivali West, Mumbai",2.0,,https://www.practo.com/mumbai/hospital/amplifon-india-pvt-ltd-borivali-west
429,MIB Hospital ,"Borivali West, Mumbai",1.0,,https://www.practo.com/mumbai/hospital/mib-hospital-borivali-west
430,Shah Life Line Hospital,"Mira Road, Mumbai",1.0,,https://www.practo.com/mumbai/hospital/md-medicine-mira-bhayandar
431,Samadhan Hospital,"Sion West, Mumbai",3.0,4.0,https://www.practo.com/mumbai/hospital/samadhan-hospital-sion-west
432,Lion Hospital,"Dahisar, Mumbai",1.0,,https://www.practo.com/mumbai/hospital/consultant-implantologist-and-periodontist-dahisar
433,Bakson's Homoeopathic Centre for Allergy,"Mulund, Mumbai",1.0,,https://www.practo.com/mumbai/hospital/bakson-s-homoeopathic-centre-for-allergy-mulund
434,Dr. Pukale Maternity and Nursing Home,"Bhandup West, Mumbai",1.0,9.0,https://www.practo.com/mumbai/hospital/dr-pukale-maternity-and-nursing-home-bhandup-west-1
435,SRCC Children's Hospital,"Worli, Mumbai",1.0,,https://www.practo.com/mumbai/hospital/srcc-childrens-hospital-worli
436,Dr. Kulkarni Hospital & Intensive Care Unit,"Jogeshwari East, Mumbai",1.0,,https://www.practo.com/mumbai/hospital/dr-kulkarni-hospital-intensive-care-unit-jogeshwari-east
437,MM Hospital,"Borivali West, Mumbai",1.0,,https://www.practo.com/mumbai/hospital/mm-hospital-borivali-west
438,Bombay Hospital & Medical Research Centre,"Churchgate, Mumbai",1.0,,https://www.practo.com/mumbai/hospital/bombay-hospital-churchgate1
439,Advanced Multispeciality Hospitals,"Vileparle West, Mumbai",3.0,,https://www.practo.com/mumbai/hospital/advanced-multispeciality-hospitals-vileparle-west
440,Life Line Medicare Hospital Pvt.Ltd,"Kandivali East, Mumbai",1.0,,https://www.practo.com/mumbai/hospital/life-line-medi-care-centre-kandivali-east
441,Bhatia Hospital,"Grant Road, Mumbai",1.0,,https://www.practo.com/mumbai/hospital/bhatia-hospital-grant-road1
442,Shree Surgical and General Nursing Home,"Vileparle East, Mumbai",1.0,8.0,https://www.practo.com/mumbai/hospital/shree-surgical-and-general-nursing-home-vileparle-east
443,Shalom Hospital,"Bhayandar East, Mumbai",1.0,,https://www.practo.com/mumbai/hospital/shalom-hospital-bhayandar-east
444,Dr. J. M. Purandare Hospital,"Shivaji Park, Mumbai",1.0,20.0,https://www.practo.com/mumbai/hospital/dr-j-m-purandare-hospital-shivaji-park
445,Prathamesh Maternity & Nursing Home,"Bandra East, Mumbai",1.0,,https://www.practo.com/mumbai/hospital/prathamesh-maternity-nursing-home-bandra-east
446,Gita Dental Hospital ,"Bhayandar East, Mumbai",1.0,,https://www.practo.com/mumbai/hospital/gita-dental-hospital-bhayandar-east
447,Sanjeevani Hospital,"Andheri East, Mumbai",1.0,,https://www.practo.com/mumbai/hospital/sanjeevini-hospital-andheri-east
448,"Dr Ashvith Shetty's Clinic, Hiranandani hospital","Powai, Mumbai",1.0,240.0,https://www.practo.com/mumbai/hospital/dr-l-h-hiranandani-hospital-powai-4
449,R K Hospital,"Santacruz East, Mumbai",1.0,,https://www.practo.com/mumbai/hospital/r-k-hospital-santacruz-east-1-1
450,Orbit Hospital,"Mulund East, Mumbai",2.0,12.0,https://www.practo.com/mumbai/hospital/orbit-hospital-thane-west
451,Mahavir Orthopaedic & Gerneral Hospital,"Mulund, Mumbai",1.0,,https://www.practo.com/mumbai/hospital/physiotherapy-mulund
452,Surya Hospital,"Santacruz, Mumbai",1.0,,https://www.practo.com/mumbai/hospital/surya-hospital-santacruz
453,Gayatri Hospital,"Goregaon East, Mumbai",1.0,,https://www.practo.com/mumbai/hospital/gayatri-hospital-goregaon-east
454,Sai Hospital,"Sion, Mumbai",3.0,,https://www.practo.com/mumbai/hospital/sai-hospital-sion
455,Sujay Hospital And Research Center,"Juhu, Mumbai",1.0,30.0,https://www.practo.com/mumbai/hospital/sujay-hospital-and-research-center-juhu
456,Motiben Delvi Hospital,"Grant Road, Mumbai",1.0,,https://www.practo.com/mumbai/hospital/motiben-delvi-hospital-malabar-hill
457,Vivek Nursing Home,"Ghatkopar West, Mumbai",1.0,20.0,https://www.practo.com/mumbai/hospital/vivek-nursing-home-ghatkopar-west
458,Surya Hospital,"Andheri, Mumbai",1.0,15.0,https://www.practo.com/mumbai/hospital/surya-hospital-6
459,Aastha Hospital,"Kandivali West, Mumbai",1.0,,https://www.practo.com/mumbai/hospital/aastha-hospital-kandivali-west-1
460,Motiben Dalvi Hospital Pvt OPD,"Malabar Hill, Mumbai",2.0,,https://www.practo.com/mumbai/hospital/dalvi-hospital-pvt-opd-malabar-hill
461,Dr. Kapadia's Maternity and General Hospital,"Malad, Mumbai",2.0,12.0,https://www.practo.com/mumbai/hospital/dr-kapadia-s-maternity-and-general-hospital-malad-west
462,Noor Hospital,"Govandi, Mumbai",1.0,,https://www.practo.com/mumbai/hospital/noor-hospital-govandi
463,VN Desai Municipal General Hospital,"Santacruz East, Mumbai",1.0,,https://www.practo.com/mumbai/hospital/dr-sunita-goregaon-east
464,Hira Surgical Nursing Home,"Goregaon East, Mumbai",1.0,7.0,https://www.practo.com/mumbai/hospital/hira-surgical-nursing-home
465,Ashirwad Criticalcare Hospital,"Mulund West, Mumbai",1.0,,https://www.practo.com/mumbai/hospital/ashirwad-criticalcare-hospital-mulund-west
466,Care Hospital,"Kurla, Mumbai",1.0,,https://www.practo.com/mumbai/hospital/care-hospital-3-kurla
467,Atlantis Hospital,"Malad West, Mumbai",1.0,,https://www.practo.com/mumbai/hospital/dr-sagar-s-nale-malad-west
468,Khushi Maternity & Nursing Home,"Goregaon East, Mumbai",1.0,9.0,https://www.practo.com/mumbai/hospital/khushi-maternity-nursing-home-malad-east
469,Kumar Clinic,"Khar West, Mumbai",1.0,,https://www.practo.com/mumbai/hospital/prashanth-eye-centre-kalina
470,Dhanvantari Hospital,"Andheri West, Mumbai",4.0,12.0,https://www.practo.com/mumbai/hospital/dhanvantari-hospital-3-andheri-west
471,Apex Hospital,"Borivali West, Mumbai",1.0,5.0,https://www.practo.com/mumbai/hospital/apex-hospital-borivali-west-2
472,Vsudha Hospital,"Goregaon East, Mumbai",1.0,,https://www.practo.com/mumbai/hospital/dr-mitesh-mange-goregaon-east
473,Sai Hospital,"Chembur East, Mumbai",1.0,,https://www.practo.com/mumbai/hospital/sai-hospital-chembur-east
474,spandan hospital,"Mulund East, Mumbai",1.0,,https://www.practo.com/mumbai/hospital/spandan-hospital-mulund-east-1
475,Sanghavi Hospital,"Andheri West, Mumbai",1.0,,https://www.practo.com/mumbai/hospital/sanghavi-hospital-andheri-west
476,BSES Global Hospital,"Andheri West, Mumbai",1.0,,https://www.practo.com/mumbai/hospital/bses-global-hospital-andheri-west-andheri-west
477,Amplifon - Andheri West,"Andheri West, Mumbai",1.0,,https://www.practo.com/mumbai/hospital/amplifon-7
478,Atlantis Max Hospital,"Kandivali West, Mumbai",1.0,,https://www.practo.com/mumbai/hospital/atlantis-max-hospital-kandivali-west
479,Pramukh Swami Eye Hospital,"Matunga, Mumbai",1.0,25.0,https://www.practo.com/mumbai/hospital/pramukh-swami-eye-hospital
480,Cikale Hospital,"Mahim, Mumbai",1.0,,https://www.practo.com/mumbai/hospital/cikale-hospital-mahim
481,Raj Hospital,"Mulund, Mumbai",1.0,,https://www.practo.com/mumbai/hospital/raj-hospital-2-mulund
482,Surya Hospital,"Andheri West, Mumbai",1.0,,https://www.practo.com/mumbai/hospital/surya-hospital-5-andheri-west
483,Sir J J Group of Hospitals and Grant Medical College,"Nagpada, Mumbai",1.0,,https://www.practo.com/mumbai/hospital/sir-j-j-group-of-hospitals-and-grant-medical-college-nagpada
484,Balgi Hospital,"Andheri West, Mumbai",2.0,,https://www.practo.com/mumbai/hospital/balgi-hospital-andheri-west
485,Purandare Hospital,"Girgaon, Mumbai",1.0,,https://www.practo.com/mumbai/hospital/purandare-hospital-girgaon
486,RG Stone Urology & Laparoscopy Hospital,"Andheri West, Mumbai",1.0,,https://www.practo.com/mumbai/hospital/rg-stone-hospital-andheri-west
487,Gayathri Hospital (Spine And Pain Medicine),"Mira Road, Mumbai",1.0,,https://www.practo.com/mumbai/hospital/spine-and-pain-medicine-mira-road
488,Kaveri Hospital,"Andheri East, Mumbai",1.0,,https://www.practo.com/mumbai/hospital/kaveri-hospital-andheri-east
489,Dr. Varsha Parekh Maternity & Surgical Hospital,"Chembur East, Mumbai",1.0,17.0,https://www.practo.com/mumbai/hospital/dr-varsha-parekh-maternity-surgical-hospital-chembur
490,Bhayander Criticare Hospital,"Bhayandar East, Mumbai",1.0,35.0,https://www.practo.com/mumbai/hospital/bhayander-criticare-hospital-bhayander-east
491,Mangalmurti Hospital,"Bhayandar East, Mumbai",1.0,15.0,https://www.practo.com/mumbai/hospital/mangalmurti-hospital-1-bhayander-east
492,City Hospital,"Jogeshwari West, Mumbai",1.0,20.0,https://www.practo.com/mumbai/hospital/city-hospital-13
493,Sai Siddhi Hospital,"Kandivali East, Mumbai",1.0,,https://www.practo.com/mumbai/hospital/sai-siddhi-hospital-1
494,Life Hospital,"Govandi, Mumbai",,,https://www.practo.com/mumbai/hospital/life-hospital-1-ghatkopar
495,Jai Hind Hospital,"Chembur, Mumbai",,,https://www.practo.com/mumbai/hospital/jai-hind-hospital-ghatkopar
496,Punamiya Hospital,"Dadar West, Mumbai",,20.0,https://www.practo.com/mumbai/hospital/punamiya-hospital
497,Jeevan Jyoti hospital,"Govandi, Mumbai",,,https://www.practo.com/mumbai/hospital/jeevan-jyoti-hospital-6-govandi
498,Ribha Nursing and Maternity Home,"Andheri West, Mumbai",,5.0,https://www.practo.com/mumbai/hospital/ribha-nursing-and-maternity-home-andheri-west
499,Advanced Multispeciality Hospital,"Vileparle, Mumbai",,,https://www.practo.com/mumbai/hospital/advanced-multispeciality-hospital-vileparle
500,B.S.E.S. Hospital,"Andheri West, Mumbai",,,https://www.practo.com/mumbai/hospital/b-s-e-s-hospital-andheri-west
501,Platinum Hospital,"Mumbai, Mumbai",,,https://www.practo.com/mumbai/hospital/platinum-hospital-mumbai
502,r k hospital,"Santacruz, Mumbai",,,https://www.practo.com/mumbai/hospital/r-k-hospital-santacruz
